id,to_id,dated,dbnl_id
5,1,22-1-1602,hoof001hwva02_01_0015
7,5,3-4-1607,hoof001hwva02_01_0017
12,6,28-10-1608,hoof001hwva02_01_0022
15,7,01-03-1609,hoof001hwva02_01_0025
16,8,18-6-1609,hoof001hwva02_01_0026
17,9,21-2-1610,hoof001hwva02_01_0027
18,10,19-4-1610,hoof001hwva02_01_0028
20,1,27-3-1611,hoof001hwva02_01_0030
22,9,6-8-1611,hoof001hwva02_01_0032
23,12,4-3-1612,hoof001hwva02_01_0033
24,13,9-4-1612,hoof001hwva02_01_0034
25,13,9-4-1612,hoof001hwva02_01_0035
26,14,12-4-1612,hoof001hwva02_01_0036
27,13,13-4-1612,hoof001hwva02_01_0037
28,15,24-4-1612,hoof001hwva02_01_0038
29,13,30-4-1612,hoof001hwva02_01_0039
30,12,9-5-1612,hoof001hwva02_01_0040
31,13,27-5-1612,hoof001hwva02_01_0041
32,16,27-5-1612,hoof001hwva02_01_0042
33,13,5-6-1612,hoof001hwva02_01_0043
34,16,21-6-1612,hoof001hwva02_01_0044
35,17,2-7-1612,hoof001hwva02_01_0045
36,12,2-7-1612,hoof001hwva02_01_0046
37,18,9-7-1612,hoof001hwva02_01_0047
38,16,13-7-1612,hoof001hwva02_01_0048
39,11,9-8-1612,hoof001hwva02_01_0049
40,13,9-10-1612,hoof001hwva02_01_0050
41,19,6-11-1612,hoof001hwva02_01_0051
42,1,8-11-1612,hoof001hwva02_01_0052
43,20,13-11-1612,hoof001hwva02_01_0053
45,22,19-11-1612,hoof001hwva02_01_0055
46,13,3-12-1612,hoof001hwva02_01_0056
47,16,30-12-1612,hoof001hwva02_01_0057
49,23,9-3-1613,hoof001hwva02_01_0059
50,24,18-5-1613,hoof001hwva02_01_0060
52,24,30-7-1613,hoof001hwva02_01_0062
53,25,17-8-1613,hoof001hwva02_01_0063
54,26,1-9-1613,hoof001hwva02_01_0064
55,16,1-9-1613,hoof001hwva02_01_0065
56,16,5-9-1613,hoof001hwva02_01_0066
57,27,2-11-1613,hoof001hwva02_01_0067
58,16,19-1-1614,hoof001hwva02_01_0068
59,28,20-1-1614,hoof001hwva02_01_0069
60,16,15-2-1614,hoof001hwva02_01_0070
61,29,17-3-1614,hoof001hwva02_01_0071
62,30,27-3-1614,hoof001hwva02_01_0072
63,13,27-3-1614,hoof001hwva02_01_0073
64,31,27-3-1614,hoof001hwva02_01_0074
65,29,14-5-1614,hoof001hwva02_01_0075
66,16,22-5-1614,hoof001hwva02_01_0076
67,29,24-5-1614,hoof001hwva02_01_0077
68,16,9-6-1614,hoof001hwva02_01_0078
69,32,9-6-1614,hoof001hwva02_01_0079
70,13,5-7-1614,hoof001hwva02_01_0080
70a,1,8-7-1614,hoof001hwva02_01_0081
71,9,13-7-1614,hoof001hwva02_01_0082
72,1,23-8-1614,hoof001hwva02_01_0083
73,24,13-9-1614,hoof001hwva02_01_0084
74,36,15-9-1614,hoof001hwva02_01_0085
75,1,7-11-1614,hoof001hwva02_01_0086
76,13,9-11-1614,hoof001hwva02_01_0087
77,24,18-12-1614,hoof001hwva02_01_0088
78,38,7-2-1615,hoof001hwva02_01_0089
79,13,25-2-1615,hoof001hwva02_01_0090
80,1,28-3-1615,hoof001hwva02_01_0091
81,13,22-4-1615,hoof001hwva02_01_0092
82,16,31-5-1615,hoof001hwva02_01_0093
83,24,12-7-1615,hoof001hwva02_01_0094
84,39,10-10-1615,hoof001hwva02_01_0095
85,13,22-10-1615,hoof001hwva02_01_0096
86,1,22-12-1615,hoof001hwva02_01_0097
87,40,1-12-1615,hoof001hwva02_01_0098
88,9,9-3-1616,hoof001hwva02_01_0099
89,16,24-3-1616,hoof001hwva02_01_0100
90,41,7-4-1616,hoof001hwva02_01_0101
91,24,22-6-1616,hoof001hwva02_01_0102
92,12,5-7-1616,hoof001hwva02_01_0103
93,42,31-7-1616,hoof001hwva02_01_0104
94,24,8-31-8-1616,hoof001hwva02_01_0105
95,1,29-31.8.'16,hoof001hwva02_01_0106
96,28,9-9-1616,hoof001hwva02_01_0107
97,1,23-9-1616,hoof001hwva02_01_0108
98,44,19-10-1616,hoof001hwva02_01_0109
99,1,24-10-1616,hoof001hwva02_01_0110
100,13,28-10-1616,hoof001hwva02_01_0111
101,1,31-10-1616,hoof001hwva02_01_0112
102,24,7-11-1616,hoof001hwva02_01_0113
103,28,14-11-1616,hoof001hwva02_01_0114
104,44,29-11-1616,hoof001hwva02_01_0115
105,24,15-12-1616,hoof001hwva02_01_0116
106,1,11-1-1617,hoof001hwva02_01_0117
107,44,17-1-1617,hoof001hwva02_01_0118
108,1,24-1-1617,hoof001hwva02_01_0119
109,16,5-4-1617,hoof001hwva02_01_0120
110,13,11-4-1617,hoof001hwva02_01_0121
111,16,12-4-1617,hoof001hwva02_01_0122
112,47,29-4-1617,hoof001hwva02_01_0123
113,48,29-4-1617,hoof001hwva02_01_0124
114,49,5-7-1617,hoof001hwva02_01_0125
115,16,5-7-1617,hoof001hwva02_01_0126
116,24,5-7-1617,hoof001hwva02_01_0127
117,13,30-7-1617,hoof001hwva02_01_0128
118,16,25-9-1617,hoof001hwva02_01_0129
119,50,9-10-1617,hoof001hwva02_01_0130
120,13,21-11-1617,hoof001hwva02_01_0131
121,13,6-12-1617,hoof001hwva02_01_0132
122,16,15-12-1617,hoof001hwva02_01_0133
124,16,15-3-1618,hoof001hwva02_01_0135
125,9,25-3-1618,hoof001hwva02_01_0136
126,13,30-4-1618,hoof001hwva02_01_0137
128,27,29-6-1618,hoof001hwva02_01_0139
129,24,29-6-1618,hoof001hwva02_01_0140
130,16,5-7-1618,hoof001hwva02_01_0141
131,24,15-7-1618,hoof001hwva02_01_0142
132,1,19-8-1618,hoof001hwva02_01_0143
133,53,15-11-1618,hoof001hwva02_01_0144
134,54,27-11-1618,hoof001hwva02_01_0145
135,53,27-11-1618,hoof001hwva02_01_0146
136,46,17-12-1618,hoof001hwva02_01_0147
137,9,6-2-1619,hoof001hwva02_01_0148
138,42,19-21.2.'19,hoof001hwva02_01_0149
139,24,14-3-1619,hoof001hwva02_01_0150
140,42,18-8-1619,hoof001hwva02_01_0151
141,55,27-8-1619,hoof001hwva02_01_0152
*142,1,30-8-1619,hoof001hwva02_01_0153
143,16,12-9-1619,hoof001hwva02_01_0154
144,42,22-9-1619,hoof001hwva02_01_0155
145,57,15-10-1619,hoof001hwva02_01_0156
146,24,20-10-1619,hoof001hwva02_01_0157
147,24,1-11-1619,hoof001hwva02_01_0158
148,24,4-11-1619,hoof001hwva02_01_0159
149,42,9-11-1619,hoof001hwva02_01_0160
150,42,13-11-1619,hoof001hwva02_01_0161
151,42,17-11-1619,hoof001hwva02_01_0162
152,58,17-12-1619,hoof001hwva02_01_0163
153,24,2-1-1620,hoof001hwva02_01_0164
154,24,2-1-1620,hoof001hwva02_01_0165
155,59,2-1-1620,hoof001hwva02_01_0166
156,16,22-1-1620,hoof001hwva02_01_0167
157,16,15-2-1620,hoof001hwva02_01_0168
158,24,1-3-1620,hoof001hwva02_01_0169
159,16,1-3-1620,hoof001hwva02_01_0170
160,16,5-3-1620,hoof001hwva02_01_0171
161,24,5-3-1620,hoof001hwva02_01_0172
162,60,21-12-1620,hoof001hwva02_01_0173
163,24,9-1-1621,hoof001hwva02_01_0174
164,24,23-1-1621,hoof001hwva02_01_0175
165,16,25-1-1621,hoof001hwva02_01_0176
166,27,27-1-1621,hoof001hwva02_01_0177
167,61,23-1-1621,hoof001hwva02_01_0178
168,62,23-1-1621,hoof001hwva02_01_0179
169,63,3-2-1621,hoof001hwva02_01_0180
171,63,25-5-1621,hoof001hwva02_01_0182
172,27,3-6-1621,hoof001hwva02_01_0183
173,16,17-6-1621,hoof001hwva02_01_0184
174,66,20-6-1621,hoof001hwva02_01_0185
175,67,8-7-1621,hoof001hwva02_01_0186
176,68,11-7-1621,hoof001hwva02_01_0187
177,69,12-8-1621,hoof001hwva02_01_0188
178,61,5-12-1622,hoof001hwva02_01_0189
179,27,01-02-1622,hoof001hwva02_01_0190
180,16,13-2-1622,hoof001hwva02_01_0191
181,64,5-3-1622,hoof001hwva02_01_0192
183,70,22-4-1622,hoof001hwva02_01_0194
184,35,27-4-1622,hoof001hwva02_01_0195
185,24,23-5-1622,hoof001hwva02_01_0196
186,42,17-6-1622,hoof001hwva02_01_0197
187,9,9-7-1622,hoof001hwva02_01_0198
189,13,20-8-1622,hoof001hwva02_01_0200
190,73,19-10-1622,hoof001hwva02_01_0201
*191,9,1-1-1623,hoof001hwva02_01_0202
193,24,22-3-1623,hoof001hwva02_01_0204
194,57,15-4-1623,hoof001hwva02_01_0205
195,13,28-4-1623,hoof001hwva02_01_0206
196,29,29-4-1623,hoof001hwva02_01_0207
197,24,1-5-1623,hoof001hwva02_01_0208
198,75,6-9-1623,hoof001hwva02_01_0209
199,64,2-11-1623,hoof001hwva02_01_0210
200,9,30-12-1623,hoof001hwva02_01_0211
*201,22,01-01-1623,hoof001hwva02_01_0212
202,9,01-02-1624,hoof001hwva02_01_0213
203,64,07-02-1624,hoof001hwva02_01_0214
204,64,29-2-1624,hoof001hwva02_01_0215
205,9,18-6-1624,hoof001hwva02_01_0216
206,1,6-7-1624,hoof001hwva02_01_0217
207,78,6-7-1624,hoof001hwva02_01_0218
208,35,1-9-1624,hoof001hwva02_01_0219
209,1,30-10-1624,hoof001hwva02_01_0220
210,64,3-11-1624,hoof001hwva02_01_0221
211,1,2-12-1624,hoof001hwva02_01_0222
212,80,27-1-1625,hoof001hwva02_01_0223
213,81,23-3-1625,hoof001hwva02_01_0224
214,1,17-4-1625,hoof001hwva02_01_0225
215,64,30-4-1625,hoof001hwva02_01_0226
216,82,20-5-1625,hoof001hwva02_01_0227
216a,1,26-6-1625,hoof001hwva02_01_0228
217,74,27-7-1625,hoof001hwva02_01_0229
217a,1,2-8-1625,hoof001hwva02_01_0230
218,13,6-8-1625,hoof001hwva02_01_0231
219,84,6-8-1625,hoof001hwva02_01_0232
220,1,9-8-1625,hoof001hwva02_01_0233
222,86,13-1-1625,hoof001hwva02_01_0235
224,35,20-1-1626,hoof001hwva02_01_0237
225,64,27-1-1626,hoof001hwva02_01_0238
226,1,31-1-1626,hoof001hwva02_01_0239
226a,22,1-3-1626,hoof001hwva02_01_0240
227,64,9-3-1626,hoof001hwva02_01_0241
228,1,13-3-1626,hoof001hwva02_01_0242
229,1,15-3-1626,hoof001hwva02_01_0243
230,1,17-3-1626,hoof001hwva02_01_0244
231,1,18-3-1626,hoof001hwva02_01_0245
232,1,18-3-1626,hoof001hwva02_01_0246
233,1,21-3-1626,hoof001hwva02_01_0247
235,94,01-03-1626,hoof001hwva02_01_0249
237,13,2-6-1626,hoof001hwva02_01_0251
238,95,2-6-1626,hoof001hwva02_01_0252
240,1,6-8-1626,hoof001hwva02_01_0254
241,1,8-8-1626,hoof001hwva02_01_0255
242,24,2-9-1626,hoof001hwva02_01_0256
245,1,1-11-1626,hoof001hwva02_01_0259
248,1,17-11-1626,hoof001hwva02_01_0262
*251,99,1-1-1627,hoof001hwva02_01_0265
*252,1,1-1-1627,hoof001hwva02_01_0266
255,100,8-1-1627,hoof001hwva02_01_0270
256,24,23-4-1627,hoof001hwva02_01_0271
257,101,27-7-1627,hoof001hwva02_01_0272
258,1,7-8-1627,hoof001hwva02_01_0273
259,1,10-8-1627,hoof001hwva02_01_0274
260,64,15-8-1627,hoof001hwva02_01_0275
261,103,15-8-1627,hoof001hwva02_01_0276
262,104,9-8-1627,hoof001hwva02_01_0277
263,104,27-81627,hoof001hwva02_01_0278
264,104,27-8-1627,hoof001hwva02_01_0279
265,104,27-8-1627,hoof001hwva02_01_0280
266,105,27-8-1627,hoof001hwva02_01_0281
267,99,7-9-1627,hoof001hwva02_01_0282
268,64,7-9-1627,hoof001hwva02_01_0283
269,103,8-9-1627,hoof001hwva02_01_0284
270,1,20-9-1627,hoof001hwva02_01_0285
274,1,27-11-1627,hoof001hwva02_01_0289
*275,99,1-12-1627,hoof001hwva02_01_0290
276,1,3-12-1627,hoof001hwva02_01_0291
277,64,9-12-1627,hoof001hwva02_01_0292
278,24,16-12-1627,hoof001hwva02_01_0293
*279,78,1-12-1627,hoof001hwva02_01_0294
280,24,18-4-1628,hoof001hwva02_01_0295
281,24,2-5-1628,hoof001hwva02_01_0296
282,107,24-5-1628,hoof001hwva02_01_0297
283,64,30-6-1628,hoof001hwva02_01_0298
284,1,15-7-1628,hoof001hwva02_01_0299
285,104,30-8-1628,hoof001hwva02_01_0300
287,109,13-11-1628,hoof001hwva02_01_0302
288,110,13-11-1628,hoof001hwva02_01_0303
289,1,9-12-1628,hoof001hwva02_01_0304
290,64,29-12-1628,hoof001hwva02_01_0305
291,1,8-1-1629,hoof001hwva02_01_0306
294,112,26-2-1629,hoof001hwva02_01_0309
295,78,7-3-1629,hoof001hwva02_01_0310
296,113,13-3-1629,hoof001hwva02_01_0311
297,113,27-3-1629,hoof001hwva02_01_0312
298,114,8-4-1629,hoof001hwva02_01_0313
299,113,9-4-1629,hoof001hwva02_01_0314
300,1,14-4-1629,hoof001hwva02_01_0315
301,113,18-4-1629,hoof001hwva02_01_0316
302,114,15-4-1629,hoof001hwva02_01_0317
303,113,18-4-1629,hoof001hwva02_01_0318
304,116,19-4-1629,hoof001hwva02_01_0319
305,114,20-4-1629,hoof001hwva02_01_0320
306,114,24-4-1629,hoof001hwva02_01_0321
307,117,7-5-1629,hoof001hwva02_01_0322
308,114,14-5-1629,hoof001hwva02_01_0323
309,113,20-5-1629,hoof001hwva02_01_0324
310,118,27-5-1629,hoof001hwva02_01_0325
311,1,8-6-1629,hoof001hwva02_01_0326
312,13,10-6-1629,hoof001hwva02_01_0327
313,114,18-6-1629,hoof001hwva02_01_0328
314,114,20-6-1629,hoof001hwva02_01_0329
315,114,24-6-1629,hoof001hwva02_01_0330
316,114,1-7-1629,hoof001hwva02_01_0331
317,114,5-7-1629,hoof001hwva02_01_0332
318,113,9-7-1629,hoof001hwva02_01_0333
319,117,12-7-1629,hoof001hwva02_01_0334
320,114,15-7-1629,hoof001hwva02_01_0335
321,114,17-7-1629,hoof001hwva02_01_0336
322,119,17-7-1629,hoof001hwva02_01_0337
323,114,22-7-1629,hoof001hwva02_01_0338
324,114,27-7-1629,hoof001hwva02_01_0339
325,120,27-7-1629,hoof001hwva02_01_0340
326,114,31-7-1629,hoof001hwva02_01_0341
327,121,24-8-1629,hoof001hwva02_01_0342
328,114,3-9-1629,hoof001hwva02_01_0343
330,123,1-9-1629,hoof001hwva02_01_0345
331,99,10-9-1629,hoof001hwva02_01_0346
332,27,1-10-1629,hoof001hwva02_01_0347
333,124,1-11-1629,hoof001hwva02_01_0348
334,117,9-11-1629,hoof001hwva02_01_0349
335,125,19-11-1629,hoof001hwva02_01_0350
336,107,23-11-1629,hoof001hwva02_01_0351
337,126,26-11-1629,hoof001hwva02_01_0352
338,113,29-11-1629,hoof001hwva02_01_0353
*339,124,1-1-1630,hoof001hwva02_01_0354
340,1,11-1-1630,hoof001hwva02_01_0355
341,115,11-2-1630,hoof001hwva02_01_0356
342,24,12-2-1630,hoof001hwva02_01_0357
343,64,19-2-1630,hoof001hwva02_01_0358
344,99,19-2-1630,hoof001hwva02_01_0359
345,106,20-2-1630,hoof001hwva02_01_0360
346,78,20-2-1630,hoof001hwva02_01_0361
347,35,20-2-1630,hoof001hwva02_01_0362
348,1,28-2-1630,hoof001hwva02_01_0363
350,99,24-3-1630,hoof001hwva02_01_0365
351,64,1-1-1630,hoof001hwva02_01_0366
352,1,30-3-1630,hoof001hwva02_01_0367
353,64,1-4-1930,hoof001hwva02_01_0368
354,78,10-4-1630,hoof001hwva02_01_0369
355,114,30-4-1630,hoof001hwva02_01_0370
356,114,10-5-1630,hoof001hwva02_01_0371
357,24,12-5-1630,hoof001hwva02_01_0372
358,114,14-5-1630,hoof001hwva02_01_0373
359,114,17-5-1630,hoof001hwva02_01_0374
360,127,25-5-1630,hoof001hwva02_01_0375
361,128,25-5-1630,hoof001hwva02_01_0376
362,114,28-5-1630,hoof001hwva02_01_0377
363,129,2-6-1630,hoof001hwva02_01_0378
364,114,3-6-1630,hoof001hwva02_01_0379
365,67,17-6-1630,hoof001hwva02_01_0380
366,39,30-6-1630,hoof001hwva02_01_0381
367,114,30-6-1630,hoof001hwva02_01_0382
368,114,18-7-1630,hoof001hwva03_01_0002#2
369,114,31-7-1630,hoof001hwva03_01_0003
370,114,1-8-1630,hoof001hwva03_01_0004
371,114,5-8-1630,hoof001hwva03_01_0005
372,114,11-8-1630,hoof001hwva03_01_0006
373,114,12-8-1630,hoof001hwva03_01_0007
374,114,13-8-1630,hoof001hwva03_01_0008
375,114,15-8-1630,hoof001hwva03_01_0009
376,1,17-8-1630,hoof001hwva03_01_0010
377,114,17-8-1630,hoof001hwva03_01_0011
378,114,18-8-1630,hoof001hwva03_01_0012
379,114,20-8-1630,hoof001hwva03_01_0013
380,114,23-8-1630,hoof001hwva03_01_0014
381,1,24-8-1630,hoof001hwva03_01_0015
382,114,25-8-1630,hoof001hwva03_01_0016
383,64,27-8-1630,hoof001hwva03_01_0017
384,114,28-8-1630,hoof001hwva03_01_0018
385,114,29-8-1630,hoof001hwva03_01_0019
386,114,30-8-1630,hoof001hwva03_01_0020
387,114,4-9-1630,hoof001hwva03_01_0021
388,114,10-9-1630,hoof001hwva03_01_0022
389,114,13-9-1630,hoof001hwva03_01_0023
390,114,15-9-1630,hoof001hwva03_01_0024
391,1,18-9-1630,hoof001hwva03_01_0025
392,114,18-9-1630,hoof001hwva03_01_0026
393,114,19-9-1630,hoof001hwva03_01_0027
394,114,19-9-1630,hoof001hwva03_01_0028
395,114,21-9-1630,hoof001hwva03_01_0029
396,114,25-9-1630,hoof001hwva03_01_0030
397,114,27-9-1630,hoof001hwva03_01_0031
397a,114,28-9-1630,hoof001hwva03_01_0032
398,114,29-9-1630,hoof001hwva03_01_0033
399,64,29-9-1630,hoof001hwva03_01_0034
400,114,30-9-1630,hoof001hwva03_01_0035
401,114,4-10-1630,hoof001hwva03_01_0036
402,130,5-10-1630,hoof001hwva03_01_0037
403,114,6-10-1630,hoof001hwva03_01_0038
404,114,8-10-1630,hoof001hwva03_01_0039
405,1,8-10-1630,hoof001hwva03_01_0040
406,114,8-10-1630,hoof001hwva03_01_0041
407,13,10-10-1630,hoof001hwva03_01_0042
408,1,12-10-1630,hoof001hwva03_01_0043
409,114,12-10-1630,hoof001hwva03_01_0044
410,13,13-10-1630,hoof001hwva03_01_0045
411,114,13-10-1630,hoof001hwva03_01_0046
412,64,13-10-1630,hoof001hwva03_01_0047
413,114,17-10-1630,hoof001hwva03_01_0048
414,64,20-10-1630,hoof001hwva03_01_0049
415,114,20-10-1630,hoof001hwva03_01_0050
416,114,23-10-1630,hoof001hwva03_01_0051
417,114,3-11-1630,hoof001hwva03_01_0052
418,131,12-11-1630,hoof001hwva03_01_0053
419,13,12-11-1630,hoof001hwva03_01_0054
420,1,3-12-1630,hoof001hwva03_01_0055
421,132,7-12-1630,hoof001hwva03_01_0056
422,64,3-12-1630,hoof001hwva03_01_0057
423,114,26-1-1631,hoof001hwva03_01_0058
424,133,28-1-1631,hoof001hwva03_01_0059
425,134,29-1-1631,hoof001hwva03_01_0060
426,107,14-2-1631,hoof001hwva03_01_0061
427,107,14-2-1631,hoof001hwva03_01_0062
429,24,1-3-1631,hoof001hwva03_01_0064
430,99,11-4-1631,hoof001hwva03_01_0065
431,1,15-4-1631,hoof001hwva03_01_0066
*432,135,20-4-1631,hoof001hwva03_01_0067
433,136,20-4-1631,hoof001hwva03_01_0068
434,64,21-4-1631,hoof001hwva03_01_0069
435,114,27-4-1631,hoof001hwva03_01_0070
436,114,29-4-1631,hoof001hwva03_01_0071
437,114,5-5-1631,hoof001hwva03_01_0072
438,99,8-5-1631,hoof001hwva03_01_0073
439,107,9-5-1631,hoof001hwva03_01_0074
440,132,9-5-1631,hoof001hwva03_01_0075
441,114,11-5-1631,hoof001hwva03_01_0076
442,114,15-5-1631,hoof001hwva03_01_0077
443,114,18-5-1631,hoof001hwva03_01_0078
444,114,19-5-1631,hoof001hwva03_01_0079
445,114,22-5-1631,hoof001hwva03_01_0080
446,114,23-5-1631,hoof001hwva03_01_0081
447,114,24-5-1631,hoof001hwva03_01_0082
448,114,27-5-1631,hoof001hwva03_01_0083
449,1,27-5-1631,hoof001hwva03_01_0084
450,114,29-5-1631,hoof001hwva03_01_0085
451,114,29-5-1631,hoof001hwva03_01_0086
452,138,30-5-1631,hoof001hwva03_01_0087
453,39,30-5-1631,hoof001hwva03_01_0088
454,34,30-5-1631,hoof001hwva03_01_0089
455,24,30-5-1631,hoof001hwva03_01_0090
458,114,1-6-1631,hoof001hwva03_01_0093
459,114,2-6-1631,hoof001hwva03_01_0094
460,49,8-6-1631,hoof001hwva03_01_0095
461,114,9-6-1631,hoof001hwva03_01_0096
462,140,15-6-1631,hoof001hwva03_01_0097
463,114,17-6-1631,hoof001hwva03_01_0098
463,114,18-6-1631,hoof001hwva03_01_0098
464,114,20-6-1631,hoof001hwva03_01_0099
465,114,1-7-1631,hoof001hwva03_01_0100
466,114,17-7-1631,hoof001hwva03_01_0101
467,114,23-7-1631,hoof001hwva03_01_0102
468,114,29-7-1631,hoof001hwva03_01_0103
469,114,1-8-1631,hoof001hwva03_01_0104
470,114,10-8-1631,hoof001hwva03_01_0105
471,114,11-8-1631,hoof001hwva03_01_0106
472,47,18-8-1631,hoof001hwva03_01_0107
473,114,19-8-1631,hoof001hwva03_01_0108
474,114,25-8-1631,hoof001hwva03_01_0109
475,24,3-9-1631,hoof001hwva03_01_0110
476,39,3-9-1631,hoof001hwva03_01_0111
477,114,5-9-1631,hoof001hwva03_01_0112
478,114,9-9-1631,hoof001hwva03_01_0113
479,114,12-9-1631,hoof001hwva03_01_0114
480,141,18-9-1631,hoof001hwva03_01_0115
481,49,21-9-1631,hoof001hwva03_01_0116
482,114,21-9-1631,hoof001hwva03_01_0117
483,114,26-9-1631,hoof001hwva03_01_0118
484,81,28-9-1631,hoof001hwva03_01_0119
485,114,1-10-1631,hoof001hwva03_01_0120
486,1,3-10-1631,hoof001hwva03_01_0121
487,33,6-10-1631,hoof001hwva03_01_0122
488,33,15-10-1631,hoof001hwva03_01_0123
489,33,17-10-1631,hoof001hwva03_01_0124
490,142,19-10-1631,hoof001hwva03_01_0125
491,143,19-10-1631,hoof001hwva03_01_0126
492,78,1-11-1631,hoof001hwva03_01_0127
493,78,1-11-1631,hoof001hwva03_01_0128
494,12,23-11-1631,hoof001hwva03_01_0129
495,107,3-12-1631,hoof001hwva03_01_0130
496,144,19-12-1631,hoof001hwva03_01_0131
497,145,19-12-1631,hoof001hwva03_01_0132
498,146,19-12-1631,hoof001hwva03_01_0133
500,147,29-12-1631,hoof001hwva03_01_0135
501,146,31-12-1631,hoof001hwva03_01_0136
502,33,31-12-1631,hoof001hwva03_01_0137
503,147,19-1-1632,hoof001hwva03_01_0138
504,64,20-1-1632,hoof001hwva03_01_0139
505,44,26-1-1632,hoof001hwva03_01_0140
506,148,26-1-1632,hoof001hwva03_01_0141
507,1,26-1-1632,hoof001hwva03_01_0142
508,24,1-2-1632,hoof001hwva03_01_0143
509,147,9-2-1632,hoof001hwva03_01_0144
510,117,9-2-1632,hoof001hwva03_01_0145
511,78,18-2-1632,hoof001hwva03_01_0146
512,24,1-3-1632,hoof001hwva03_01_0147
513,24,11-3-1632,hoof001hwva03_01_0148
514,39,20-3-1632,hoof001hwva03_01_0149
515,149,30-3-1632,hoof001hwva03_01_0150
516,114,31-3-1632,hoof001hwva03_01_0151
517,147,5-4-1632,hoof001hwva03_01_0152
518,107,16-4-1632,hoof001hwva03_01_0153
519,114,20-4-1632,hoof001hwva03_01_0154
521,114,27-4-1632,hoof001hwva03_01_0156
522,24,29-4-1632,hoof001hwva03_01_0157
523,114,2-5-1632,hoof001hwva03_01_0158
524,114,9-5-1632,hoof001hwva03_01_0159
525,114,12-5-1632,hoof001hwva03_01_0160
526,24,16-5-1632,hoof001hwva03_01_0161
527,114,16-5-1632,hoof001hwva03_01_0162
528,24,17-5-1632,hoof001hwva03_01_0163
529,114,23-5-1632,hoof001hwva03_01_0164
530,114,3-6-1632,hoof001hwva03_01_0165
531,114,6-6-1632,hoof001hwva03_01_0166
532,114,7-6-1632,hoof001hwva03_01_0167
533,24,9-6-1632,hoof001hwva03_01_0168
534,114,13-6-1632,hoof001hwva03_01_0169
535,1,16-6-1632,hoof001hwva03_01_0170
536,145,21-6-1632,hoof001hwva03_01_0171
537,114,23-6-1632,hoof001hwva03_01_0172
538,114,27-6-1632,hoof001hwva03_01_0173
539,78,27-6-1632,hoof001hwva03_01_0174
540,114,1-6-1632,hoof001hwva03_01_0175
541,24,18-7-1632,hoof001hwva03_01_0176
542,114,27-7-1632,hoof001hwva03_01_0177
543,114,2-8-1632,hoof001hwva03_01_0178
544,114,3-8-1632,hoof001hwva03_01_0179
545,24,8-8-1632,hoof001hwva03_01_0180
546,114,15-8-1632,hoof001hwva03_01_0181
547,78,20-8-1632,hoof001hwva03_01_0182
548,132,3-9-1632,hoof001hwva03_01_0183
549,49,3-9-1632,hoof001hwva03_01_0184
550,114,5-9-1632,hoof001hwva03_01_0185
551,78,7-9-1632,hoof001hwva03_01_0186
552,114,12-9-1632,hoof001hwva03_01_0187
553,49,15-9-1632,hoof001hwva03_01_0188
554,114,10-10-1632,hoof001hwva03_01_0189
555,78,2-11-1632,hoof001hwva03_01_0190
556,1,22-11-1632,hoof001hwva03_01_0191
557,64,29-11-1632,hoof001hwva03_01_0192
558,1,5-12-1632,hoof001hwva03_01_0193
560,24,12-1-1633,hoof001hwva03_01_0194
561,81,22-1-1633,hoof001hwva03_01_0195
562,24,22-1-1633,hoof001hwva03_01_0196
563,64,17-2-1633,hoof001hwva03_01_0197
564,64,12-3-1633,hoof001hwva03_01_0198
565,1,14-3-1633,hoof001hwva03_01_0199
566,78,21-3-1633,hoof001hwva03_01_0200
567,1,21-3-1633,hoof001hwva03_01_0201
568,24,7-4-1633,hoof001hwva03_01_0202
569,153,7-4-1633,hoof001hwva03_01_0203
570,49,8-4-1633,hoof001hwva03_01_0204
571,154,18-4-1633,hoof001hwva03_01_0205
572,1,26-4-1633,hoof001hwva03_01_0206
575,114,27-5-1633,hoof001hwva03_01_0209
576,114,6-6-1633,hoof001hwva03_01_0210
577,114,12-6-1633,hoof001hwva03_01_0211
578,114,27-6-1633,hoof001hwva03_01_0212
579,114,6-7-1633,hoof001hwva03_01_0213
580,78,7-7-1633,hoof001hwva03_01_0214
581,115,12-7-1633,hoof001hwva03_01_0215
582,1,12-7-1633,hoof001hwva03_01_0216
584,114,17-7-1633,hoof001hwva03_01_0218
585,64,23-7-1633,hoof001hwva03_01_0219
586,114,24-7-1633,hoof001hwva03_01_0220
587,78,1-8-1633,hoof001hwva03_01_0221
588,145,1-8-1633,hoof001hwva03_01_0222
589,78,2-8-1633,hoof001hwva03_01_0223
590,157,2-8-1633,hoof001hwva03_01_0224
591,1,4-8-1633,hoof001hwva03_01_0225
592,64,7-8-1633,hoof001hwva03_01_0226
594,78,14-8-1633,hoof001hwva03_01_0228
595,114,14-8-1633,hoof001hwva03_01_0229
596,114,21-8-1633,hoof001hwva03_01_0230
597,114,24-8-1633,hoof001hwva03_01_0231
598,114,30-8-1633,hoof001hwva03_01_0232
599,114,1-9-1633,hoof001hwva03_01_0233
600,67,18-9-1633,hoof001hwva03_01_0234
602,1,23-9-1633,hoof001hwva03_01_0236
603,114,2-10-1633,hoof001hwva03_01_0237
604,114,5-10-1633,hoof001hwva03_01_0238
605,114,9-10-1633,hoof001hwva03_01_0239
606,78,23-11-1633,hoof001hwva03_01_0240
607,1,23-11-1633,hoof001hwva03_01_0241
608,140,19-12-1633,hoof001hwva03_01_0242
*609,1,1-12-1633,hoof001hwva03_01_0243
610,64,9-1-1634,hoof001hwva03_01_0244
611,99,22-1-1634,hoof001hwva03_01_0245
612,145,23-2-1634,hoof001hwva03_01_0246
613,24,23-2-1634,hoof001hwva03_01_0247
614,1,4-3-1634,hoof001hwva03_01_0248
615,64,7-3-1634,hoof001hwva03_01_0249
616,114,7-3-1634,hoof001hwva03_01_0250
617,13,2-4-1634,hoof001hwva03_01_0251
618,114,5-4-1634,hoof001hwva03_01_0252
619,114,17-4-1634,hoof001hwva03_01_0253
620,114,17-4-1634,hoof001hwva03_01_0254
621,114,21-4-1634,hoof001hwva03_01_0255
622,114,23-4-1634,hoof001hwva03_01_0256
623,114,24-4-1634,hoof001hwva03_01_0257
624,114,27-4-1634,hoof001hwva03_01_0258
625,114,2-5-1634,hoof001hwva03_01_0259
626,114,8-5-1634,hoof001hwva03_01_0260
627,114,19-5-1634,hoof001hwva03_01_0261
628,78,28-5-1634,hoof001hwva03_01_0262
629,114,28-5-1634,hoof001hwva03_01_0263
630,1,29-5-1634,hoof001hwva03_01_0264
631,64,30-5-1634,hoof001hwva03_01_0265
632,114,1-6-1634,hoof001hwva03_01_0266
633,1,3-6-1634,hoof001hwva03_01_0267
634,114,6-6-1634,hoof001hwva03_01_0268
635,114,11-6-1634,hoof001hwva03_01_0269
636,1,15-6-1634,hoof001hwva03_01_0270
637,78,15-6-1634,hoof001hwva03_01_0271
638,145,18-6-1634,hoof001hwva03_01_0272
639,114,18-6-1634,hoof001hwva03_01_0273
640,99,30-6-1634,hoof001hwva03_01_0274
641,64,30-6-1634,hoof001hwva03_01_0275
642,99,1-7-1634,hoof001hwva03_01_0276
643,114,10-7-1634,hoof001hwva03_01_0277
644,114,11-7-1634,hoof001hwva03_01_0278
645,114,15-7-1634,hoof001hwva03_01_0279
646,114,21-7-1634,hoof001hwva03_01_0280
647,101,21-7-1634,hoof001hwva03_01_0281
648,114,30-7-1634,hoof001hwva03_01_0282
649,114,2-8-1634,hoof001hwva03_01_0283
650,114,9-8-1634,hoof001hwva03_01_0284
652,114,30-8-1634,hoof001hwva03_01_0286
653,114,3-9-1634,hoof001hwva03_01_0287
655,114,12-9-1634,hoof001hwva03_01_0289
657,117,18-9-1634,hoof001hwva03_01_0291
658,109,21-9-1634,hoof001hwva03_01_0292
659,1,9-10-1634,hoof001hwva03_01_0293
660,64,17-10-1634,hoof001hwva03_01_0294
661,1,23-10-1634,hoof001hwva03_01_0295
663,166,23-10-1634,hoof001hwva03_01_0297
664,64,31-10-1634,hoof001hwva03_01_0298
665,114,3-11-1634,hoof001hwva03_01_0299
666,114,13-11-1634,hoof001hwva03_01_0300
667,114,21-11-1634,hoof001hwva03_01_0301
668,114,24-11-1634,hoof001hwva03_01_0302
669,1,1-11-1634,hoof001hwva03_01_0303
670,114,5-12-1634,hoof001hwva03_01_0304
671,64,7-12-1634,hoof001hwva03_01_0305
672,114,12-12-1634,hoof001hwva03_01_0306
673,114,15-12-1634,hoof001hwva03_01_0307
674,114,18-12-1634,hoof001hwva03_01_0308
676,64,17-1-1635,hoof001hwva03_01_0310
679,98,29-1-1635,hoof001hwva03_01_0313
680,117,29-1-1635,hoof001hwva03_01_0314
681,64,31-1-1635,hoof001hwva03_01_0315
682,64,31-1-1635,hoof001hwva03_01_0316
684,64,21-2-1635,hoof001hwva03_01_0318
686,153,22-3-1635,hoof001hwva03_01_0320
688,1,7-4-1635,hoof001hwva03_01_0322
689,98,17-4-1635,hoof001hwva03_01_0323
690,117,20-4-1635,hoof001hwva03_01_0324
691,167,21-4-1635,hoof001hwva03_01_0325
692,117,7-5-1635,hoof001hwva03_01_0326
693,114,15-5-1635,hoof001hwva03_01_0327
694,117,14-5-1635,hoof001hwva03_01_0328
695,1,18-5-1635,hoof001hwva03_01_0329
696,169,20-5-1635,hoof001hwva03_01_0330
697,169,23-5-1635,hoof001hwva03_01_0331
698,170,28-5-1635,hoof001hwva03_01_0332
699,101,29-5-1635,hoof001hwva03_01_0333
700,169,30-5-1635,hoof001hwva03_01_0334
701,171,30-5-1635,hoof001hwva03_01_0335
702,172,31-5-1635,hoof001hwva03_01_0336
703,169,31-5-1635,hoof001hwva03_01_0337
704,98,31-5-1635,hoof001hwva03_01_0338
705,169,4-6-1635,hoof001hwva03_01_0339
706,24,6-6-1635,hoof001hwva03_01_0340
707,169,6-6-1635,hoof001hwva03_01_0341
709,169,17-6-1635,hoof001hwva03_01_0343
710,1,18-6-1635,hoof001hwva03_01_0344
711,169,22-6-1635,hoof001hwva03_01_0345
712,169,22-6-1635,hoof001hwva03_01_0346
713,98,22-6-1635,hoof001hwva03_01_0347
714,169,28-6-1635,hoof001hwva03_01_0348
715,169,1-7-1635,hoof001hwva03_01_0349
716,169,6-7-1635,hoof001hwva03_01_0350
717,169,9-7-1635,hoof001hwva03_01_0351
718,169,15-7-1635,hoof001hwva03_01_0352
719,78,19-7-1635,hoof001hwva03_01_0353
720,169,20-7-1635,hoof001hwva03_01_0354
721,174,20-7-1635,hoof001hwva03_01_0355
722,175,30-7-1635,hoof001hwva03_01_0356
724,177,13-8-1635,hoof001hwva03_01_0358
725,117,13-8-1635,hoof001hwva03_01_0359
726,169,29-8-1635,hoof001hwva03_01_0360
727,117,2-9-1635,hoof001hwva03_01_0361
728,106,14-11-1635,hoof001hwva03_01_0362
729,169,23-11-1635,hoof001hwva03_01_0363
733,169,10-12-1635,hoof001hwva03_01_0367
734,99,11-12-1635,hoof001hwva03_01_0368
735,101,17-12-1635,hoof001hwva03_01_0369
736,169,20-12-1635,hoof001hwva03_01_0370
737,106,23-12-1635,hoof001hwva03_01_0371
738,178,27-12-1635,hoof001hwva03_01_0372
739,1,27-12-1635,hoof001hwva03_01_0373
741,24,9-1-1636,hoof001hwva03_01_0375
742,179,9-1-1636,hoof001hwva03_01_0376
743,117,13-1-1636,hoof001hwva03_01_0377
744,144,17-1-1636,hoof001hwva03_01_0378
745,179,19-1-1636,hoof001hwva03_01_0379
746,180,19-1-1636,hoof001hwva03_01_0380
747,101,3-2-1636,hoof001hwva03_01_0381
748,181,3-2-1636,hoof001hwva03_01_0382
749,182,3-2-1636,hoof001hwva03_01_0383
750,179,5-2-1636,hoof001hwva03_01_0384
751,1,5-2-1636,hoof001hwva03_01_0385
752,144,5-2-1636,hoof001hwva03_01_0386
753,1,10-2-1636,hoof001hwva03_01_0387
754,24,10-2-1636,hoof001hwva03_01_0388
755,184,19-2-1636,hoof001hwva03_01_0389
756,99,23-2-1636,hoof001hwva03_01_0390
757,179,1-3-1636,hoof001hwva03_01_0391
758,78,10-3-1636,hoof001hwva03_01_0392
759,177,10-3-1636,hoof001hwva03_01_0393
761,185,12-3-1636,hoof001hwva03_01_0395
762,24,13-3-1636,hoof001hwva03_01_0396
763,117,17-3-1636,hoof001hwva03_01_0397
764,99,25-3-1636,hoof001hwva03_01_0398
766,13,3-4-1636,hoof001hwva03_01_0400
767,64,5-4-1636,hoof001hwva03_01_0401
768,78,5-4-1636,hoof001hwva03_01_0402
769,117,7-4-1636,hoof001hwva03_01_0403
770,99,22-4-1636,hoof001hwva03_01_0404
771,49,28-4-1636,hoof001hwva03_01_0405
772,1,28-4-1636,hoof001hwva03_01_0406
775,1,3-5-1636,hoof001hwva03_01_0408
776,106,5-5-1636,hoof001hwva03_01_0409
777,99,7-5-1636,hoof001hwva03_01_0410
778,78,10-5-1636,hoof001hwva03_01_0411
779,24,13-5-1636,hoof001hwva03_01_0412
780,78,27-5-1636,hoof001hwva03_01_0413
781,169,29-5-1636,hoof001hwva03_01_0414
782,169,8-6-1636,hoof001hwva03_01_0415
783,99,8-6-1636,hoof001hwva03_01_0416
784,144,11-6-1636,hoof001hwva03_01_0417
785,169,13-6-1636,hoof001hwva03_01_0418
786,144,13-6-1636,hoof001hwva03_01_0419
787,49,15-6-1636,hoof001hwva03_01_0420
788,144,17-6-1636,hoof001hwva03_01_0421
789,117,18-6-1636,hoof001hwva03_01_0422
790,98,19-6-1636,hoof001hwva03_01_0423
791,144,19-6-1636,hoof001hwva03_01_0424
793,134,25-6-1636,hoof001hwva03_01_0426
794,155,29-6-1636,hoof001hwva03_01_0427
795,169,2-7-1636,hoof001hwva03_01_0428
797,187,5-7-1636,hoof001hwva03_01_0430
798,188,5-7-1636,hoof001hwva03_01_0431
799,169,6-7-1636,hoof001hwva03_01_0432
800,106,10-7-1636,hoof001hwva03_01_0433
802,169,17-7-1636,hoof001hwva03_01_0435
803,64,25-7-1636,hoof001hwva03_01_0436
804,24,25-7-1636,hoof001hwva03_01_0437
805,169,25-7-1636,hoof001hwva03_01_0438
806,169,26-7-1636,hoof001hwva03_01_0439
807,169,31-7-1636,hoof001hwva03_01_0440
808,107,31-7-1636,hoof001hwva03_01_0441
809,71,31-7-1636,hoof001hwva03_01_0442
810,1,31-7-1636,hoof001hwva03_01_0443
811,78,1-8-1636,hoof001hwva03_01_0444
813,106,5-8-1636,hoof001hwva03_01_0446
814,189,10-8-1636,hoof001hwva03_01_0447
815,106,12-8-1636,hoof001hwva03_01_0448
816,106,14-8-1636,hoof001hwva03_01_0449
817,190,18-8-1636,hoof001hwva03_01_0450
818,190,19-8-1636,hoof001hwva03_01_0451
819,190,20-8-1636,hoof001hwva03_01_0452
820,190,21-8-1636,hoof001hwva03_01_0453
821,170,22-8-1636,hoof001hwva03_01_0454
822,190,22-8-1636,hoof001hwva03_01_0455
823,190,26-8-1636,hoof001hwva03_01_0456
824,169,27-8-1636,hoof001hwva03_01_0457
825,190,28-8-1636,hoof001hwva03_01_0458
826,190,29-8-1636,hoof001hwva03_01_0459
827,190,29-8-1636,hoof001hwva03_01_0460
828,169,30-8-1636,hoof001hwva03_01_0461
829,169,5-9-1636,hoof001hwva03_01_0462
831,109,7-9-1636,hoof001hwva03_01_0464
832,1,1-9-1636,hoof001hwva03_01_0465
833,191,9-9-1636,hoof001hwva03_01_0466
834,169,17-9-1636,hoof001hwva03_01_0467
835,172,17-9-1636,hoof001hwva03_01_0468
836,190,18-9-1636,hoof001hwva03_01_0469
837,106,21-9-1636,hoof001hwva03_01_0470
839,169,24-9-1636,hoof001hwva03_01_0472
840,169,29-9-1636,hoof001hwva03_01_0473
841,106,29-9-1636,hoof001hwva03_01_0474
842,117,13-10-1636,hoof001hwva03_01_0475
843,169,19-10-1636,hoof001hwva03_01_0476
844,169,2-11-1636,hoof001hwva03_01_0477
845,78,9-11-1636,hoof001hwva03_01_0478
846,1,19-11-1636,hoof001hwva03_01_0479
847,98,19-11-1636,hoof001hwva03_01_0480
848,144,20-11-1636,hoof001hwva03_01_0481
849,1,26-11-1636,hoof001hwva03_01_0482
850,169,27-11-1636,hoof001hwva03_01_0483
851,1,3-12-1636,hoof001hwva03_01_0484
852,117,5-12-1636,hoof001hwva03_01_0485
853,144,8-12-1636,hoof001hwva03_01_0486
854,64,18-12-1636,hoof001hwva03_01_0487
855,1,22-12-1636,hoof001hwva03_01_0488
856,192,22-12-1636,hoof001hwva03_01_0489
857,1,30-12-1636,hoof001hwva03_01_0490
858,1,8-1-1637,hoof001hwva03_01_0491
859,64,13-1-1637,hoof001hwva03_01_0492
860,161,17-1-1637,hoof001hwva03_01_0493
861,140,19-1-1637,hoof001hwva03_01_0494
862,98,19-1-1637,hoof001hwva03_01_0495
863,1,27-1-1637,hoof001hwva03_01_0496
864,144,29-1-1637,hoof001hwva03_01_0497
865,1,30-1-1637,hoof001hwva03_01_0498
866,194,1-2-1637,hoof001hwva03_01_0499
867,195,1-2-1637,hoof001hwva03_01_0500
868,1,1-2-1637,hoof001hwva03_01_0501
870,117,2-3-1637,hoof001hwva03_01_0503
871,145,5-3-1637,hoof001hwva03_01_0504
872,153,6-3-1637,hoof001hwva03_01_0505
873,24,17-4-1637,hoof001hwva03_01_0506
874,144,18-4-1637,hoof001hwva03_01_0507
875,1,24-4-1637,hoof001hwva03_01_0508
878,198,11-5-1637,hoof001hwva03_01_0511
879,1,20-5-1637,hoof001hwva03_01_0512
880,24,25-5-1637,hoof001hwva03_01_0513
881,64,1-5-1637,hoof001hwva03_01_0514
882,169,7-6-1637,hoof001hwva03_01_0515
883,169,12-6-1637,hoof001hwva03_01_0516
885,98,18-6-1637,hoof001hwva03_01_0518
886,169,29-6-1637,hoof001hwva03_01_0519
887,49,1-7-1637,hoof001hwva03_01_0520
888,1,4-7-1637,hoof001hwva03_01_0521
889,1,30-7-1637,hoof001hwva03_01_0522
890,169,2-8-1637,hoof001hwva03_01_0523
891,169,7-8-1637,hoof001hwva03_01_0524
892,201,13-8-1637,hoof001hwva03_01_0525
893,171,9-9-1637,hoof001hwva03_01_0526
894,161,7-10-1637,hoof001hwva03_01_0527
895,169,7-10-1637,hoof001hwva03_01_0528
896,169,14-10-1737,hoof001hwva03_01_0529
897,24,19-10-1637,hoof001hwva03_01_0530
898,64,19-10-1637,hoof001hwva03_01_0531
899,1,2-11-1637,hoof001hwva03_01_0532
900,117,23-11-1637,hoof001hwva03_01_0533
901,1,13-12-1637,hoof001hwva03_01_0534
*902,1,1-1-1638,hoof001hwva03_01_0535
903,1,5-1-1638,hoof001hwva04_01_0003#3
904,169,6-2-1638,hoof001hwva04_01_0004
905,204,6-2-1638,hoof001hwva04_01_0006
906,24,24-2-1638,hoof001hwva04_01_0007
*907,205,1-3-1638,hoof001hwva04_01_0005
908,1,25-3-1638,hoof001hwva04_01_0008
909,64,30-3-1638,hoof001hwva04_01_0009
910,206,9-4-1638,hoof001hwva04_01_0010
911,207,19-4-1638,hoof001hwva04_01_0011
913,169,18-5-1638,hoof001hwva04_01_0013
914,106,21-5-1638,hoof001hwva04_01_0014
915,208,27-5-1638,hoof001hwva04_01_0015
916,144,28-5-1638,hoof001hwva04_01_0016
917,171,9-6-1638,hoof001hwva04_01_0017
918,171,20-6-1638,hoof001hwva04_01_0018
919,169,22-6-1638,hoof001hwva04_01_0019
920,169,24-6-1638,hoof001hwva04_01_0020
921,139,29-6-1638,hoof001hwva04_01_0021
923,169,29-7-1638,hoof001hwva04_01_0023
924,169,9-8-1638,hoof001hwva04_01_0024
925,106,9-8-1638,hoof001hwva04_01_0025
926,169,11-8-1638,hoof001hwva04_01_0026
927,1,12-8-1638,hoof001hwva04_01_0027
929,106,22-8-1638,hoof001hwva04_01_0029
930,169,27-8-1638,hoof001hwva04_01_0030
932,106,29-8-1638,hoof001hwva04_01_0032
933,167,11-10-1638,hoof001hwva04_01_0033
934,171,11-10-1638,hoof001hwva04_01_0034
935,117,11-10-1638,hoof001hwva04_01_0035
936,106,19-10-1638,hoof001hwva04_01_0036
937,171,2-11-1638,hoof001hwva04_01_0037
938,117,2-11-1638,hoof001hwva04_01_0038
939,117,4-11-1638,hoof001hwva04_01_0039
940,117,15-11-1638,hoof001hwva04_01_0040
940a,117,12-1-1639,hoof001hwva04_01_0041
943,1,7-2-1639,hoof001hwva04_01_0044
944,106,9-2-1639,hoof001hwva04_01_0045
945,209,1-2-1639,hoof001hwva04_01_0046
946,64,21-2-1639,hoof001hwva04_01_0047
949,64,14-3-1639,hoof001hwva04_01_0050
953,174,7-5-1639,hoof001hwva04_01_0054
954,78,8-5-1639,hoof001hwva04_01_0055
955,189,18-5-1639,hoof001hwva04_01_0056
957,106,21-5-1639,hoof001hwva04_01_0058
958,208,21-5-1638,hoof001hwva04_01_0059
959,1,28-5-1639,hoof001hwva04_01_0060
960,49,13-6-1639,hoof001hwva04_01_0061
961,144,13-6-1639,hoof001hwva04_01_0062
962,169,26-6-1639,hoof001hwva04_01_0063
963,169,7-7-1639,hoof001hwva04_01_0064
964,1,9-7-1639,hoof001hwva04_01_0065
965,106,10-7-1639,hoof001hwva04_01_0066
966,169,12-7-1639,hoof001hwva04_01_0067
969,106,19-7-1639,hoof001hwva04_01_0070
970,213,22-7-1639,hoof001hwva04_01_0071
971,213,25-7-1639,hoof001hwva04_01_0072
972,24,25-7-1639,hoof001hwva04_01_0073
973,214,25-7-1639,hoof001hwva04_01_0074
974,117,25-7-1639,hoof001hwva04_01_0075
976,1,14-8-1639,hoof001hwva04_01_0077
977,169,15-8-1639,hoof001hwva04_01_0078
978,1,20-8-1639,hoof001hwva04_01_0079
979,169,25-8-1639,hoof001hwva04_01_0080
983,169,16-9-1639,hoof001hwva04_01_0084
984,218,19-9-1639,hoof001hwva04_01_0085
985,218,21-9-1639,hoof001hwva04_01_0086
986,169,22-9-1639,hoof001hwva04_01_0087
987,169,24-9-1639,hoof001hwva04_01_0088
988,1,24-9-1639,hoof001hwva04_01_0089
989,193,25-9-1639,hoof001hwva04_01_0090
990,169,28-9-1639,hoof001hwva04_01_0091
992,106,29-9-1639,hoof001hwva04_01_0093
993,78,29-9-1639,hoof001hwva04_01_0094
994,1,2-10-1639,hoof001hwva04_01_0095
995,218,20-10-1639,hoof001hwva04_01_0096
996,219,20-10-1639,hoof001hwva04_01_0097
998,218,3-11-1639,hoof001hwva04_01_0099
999,219,3-11-1639,hoof001hwva04_01_0100
1000,218,17-11-1639,hoof001hwva04_01_0101
1001,184,25-11-1639,hoof001hwva04_01_0102
1002,220,25-11-1639,hoof001hwva04_01_0103
1003,1,4-1-1640,hoof001hwva04_01_0104
1005,219,5-1-1640,hoof001hwva04_01_0106
1006,1,7-1-1640,hoof001hwva04_01_0107
1007,220,14-1-1640,hoof001hwva04_01_0108
1008,1,17-1-1640,hoof001hwva04_01_0109
1009,1,22-1-1640,hoof001hwva04_01_0110
1010,1,7-2-1640,hoof001hwva04_01_0111
1011,81,21-2-1640,hoof001hwva04_01_0112
1012,225,7-3-1640,hoof001hwva04_01_0113
1013,153,13-3-1640,hoof001hwva04_01_0114
1014,81,13-3-1640,hoof001hwva04_01_0115
1015,24,29-3-1640,hoof001hwva04_01_0116
1017,81,18-4-1640,hoof001hwva04_01_0118
1018,81,18-4-1640,hoof001hwva04_01_0119
1019,226,3-5-1640,hoof001hwva04_01_0120
1020,225,7-5-1640,hoof001hwva04_01_0121
1021,78,8-5-1640,hoof001hwva04_01_0122
1022,208,11-6-1640,hoof001hwva04_01_0123
1024,1,13-6-1640,hoof001hwva04_01_0125
1025,208,24-6-1640,hoof001hwva04_01_0126
1026,208,1-7-1640,hoof001hwva04_01_0127
1027,1,1-7-1640,hoof001hwva04_01_0128
1028,24,2-7-1640,hoof001hwva04_01_0129
1029,228,3-7-1640,hoof001hwva04_01_0130
1030,208,8-7-1640,hoof001hwva04_01_0131
1031,208,15-7-1640,hoof001hwva04_01_0132
1032,208,24-7-1640,hoof001hwva04_01_0133
1033,208,29-7-1640,hoof001hwva04_01_0134
1035,229,5-8-1640,hoof001hwva04_01_0136
1036,208,12-8-1640,hoof001hwva04_01_0137
1038,208,28-8-1640,hoof001hwva04_01_0139
1039,225,3-9-1640,hoof001hwva04_01_0140
1040,208,3-9-1640,hoof001hwva04_01_0141
1041,169,5-9-1640,hoof001hwva04_01_0142
1042,64,6-9-1640,hoof001hwva04_01_0143
1043,208,6-9-1640,hoof001hwva04_01_0144
1044,1,5-10-1640,hoof001hwva04_01_0145
1045,208,11-10-1640,hoof001hwva04_01_0146
1046,208,11-10-1640,hoof001hwva04_01_0147
1049,81,22-10-1640,hoof001hwva04_01_0150
1050,81,22-10-1640,hoof001hwva04_01_0151
1051,1,6-11-1640,hoof001hwva04_01_0152
1054,233,13-12-1640,hoof001hwva04_01_0155
1055,234,13-12-1640,hoof001hwva04_01_0156
1056,235,13-12-1640,hoof001hwva04_01_0157
1057,234,15-12-1640,hoof001hwva04_01_0158
1058,235,15-12-1640,hoof001hwva04_01_0159
1059,236,15-12-1640,hoof001hwva04_01_0160
1060,233,15-12-1640,hoof001hwva04_01_0161
1061,208,15-12-1640,hoof001hwva04_01_0162
1062,24,17-1-1641,hoof001hwva04_01_0163
1063,237,19-1-1641,hoof001hwva04_01_0164
1064,238,18-2-1641,hoof001hwva04_01_0165
1065,64,12-3-1641,hoof001hwva04_01_0166
1066,24,19-3-1641,hoof001hwva04_01_0167
1070,208,25-5-1641,hoof001hwva04_01_0171
1071,208,29-5-1641,hoof001hwva04_01_0172
1072,208,15-6-1641,hoof001hwva04_01_0173
1073,1,15-6-1641,hoof001hwva04_01_0174
1074,234,15-6-1641,hoof001hwva04_01_0175
1075,208,1-7-1641,hoof001hwva04_01_0176
1076,1,15-7-1641,hoof001hwva04_01_0177
1078,106,9-8-1641,hoof001hwva04_01_0179
1079,1,6-11.8.'41,hoof001hwva04_01_0180
1080,239,9-8-1641,hoof001hwva04_01_0181
1081,169,15-8-1641,hoof001hwva04_01_0182
1082,208,21-8-1641,hoof001hwva04_01_0183
1083,208,27-8-1641,hoof001hwva04_01_0184
1085,169,15-9-1641,hoof001hwva04_01_0186
1086,169,16-9-1641,hoof001hwva04_01_0187
1087,208,16-9-1641,hoof001hwva04_01_0188
1088,1,23-9-1641,hoof001hwva04_01_0189
1089,208,24-9-1641,hoof001hwva04_01_0190
1090,1,1-11-1641,hoof001hwva04_01_0191
1091,64,7-11-1641,hoof001hwva04_01_0192
1093,64,5-12-1641,hoof001hwva04_01_0194
1094,1,18-12-1641,hoof001hwva04_01_0195
1095,241,30-12-1641,hoof001hwva04_01_0196
1096,242,30-12-1641,hoof001hwva04_01_0197
1097,208,18-1-1642,hoof001hwva04_01_0198
1098,1,3-4-1642,hoof001hwva04_01_0199
1099,1,11-4-1642,hoof001hwva04_01_0200
1100,232,17-4-1642,hoof001hwva04_01_0201
1101,1,25-5-1642,hoof001hwva04_01_0202
1102,213,22-6-1642,hoof001hwva04_01_0203
1103,243,23-6-1642,hoof001hwva04_01_0204
1104,153,23-6-1642,hoof001hwva04_01_0205
1106,1,4-7-1642,hoof001hwva04_01_0207
1107,234,5-7-1642,hoof001hwva04_01_0208
1109,244,31-7-1642,hoof001hwva04_01_0210
1110,1,14-8-1642,hoof001hwva04_01_0211
1111,244,23-8-1642,hoof001hwva04_01_0212
1112,246,1-8-1642,hoof001hwva04_01_0213
1113,1,29-8-1642,hoof001hwva04_01_0214
1114,1,30-8-1642,hoof001hwva04_01_0215
1115,234,2-9-1642,hoof001hwva04_01_0216
1116,247,22-9-1642,hoof001hwva04_01_0217
1117,24,3-10-1642,hoof001hwva04_01_0218
1118,1,13-10-1642,hoof001hwva04_01_0219
1119,208,17-10-1642,hoof001hwva04_01_0220
1120,248,31-10-1642,hoof001hwva04_01_0221
1122,208,2-11-1642,hoof001hwva04_01_0223
1123,248,11-11-1642,hoof001hwva04_01_0224
1125,248,17-11-1642,hoof001hwva04_01_0226
1127,208,27-11-1642,hoof001hwva04_01_0228
1128,251,1-12-1642,hoof001hwva04_01_0229
1129,1,1-12-1642,hoof001hwva04_01_0230
1130,1,2-12-1642,hoof001hwva04_01_0231
1131,1,7-12-1642,hoof001hwva04_01_0232
1133,1,15-12-1642,hoof001hwva04_01_0234
1134,255,18-12-1642,hoof001hwva04_01_0235
1135,1,20-12-1642,hoof001hwva04_01_0236
1136,1,1-1-1643,hoof001hwva04_01_0237
1138,78,13-1-1643,hoof001hwva04_01_0239
1139,1,16-1-1643,hoof001hwva04_01_0240
1140,81,17-1-1643,hoof001hwva04_01_0241
1141,64,19-1-1643,hoof001hwva04_01_0242
1142,124,19-1-1643,hoof001hwva04_01_0243
1144,257,27-1-1643,hoof001hwva04_01_0245
1145,1,30-1-1643,hoof001hwva04_01_0246
1146,1,12-2-1643,hoof001hwva04_01_0247
1147,213,2-3-1643,hoof001hwva04_01_0248
1148,225,2-3-1643,hoof001hwva04_01_0249
1151,208,9-3-1643,hoof001hwva04_01_0252
1152,258,25-3-1643,hoof001hwva04_01_0253
1153,248,9-4-1643,hoof001hwva04_01_0254
1155,208,18-4-1643,hoof001hwva04_01_0256
1156,1,20-4-1643,hoof001hwva04_01_0257
1157,64,25-4-1643,hoof001hwva04_01_0258
1158,208,27-4-1643,hoof001hwva04_01_0259
1159,78,5-5-1643,hoof001hwva04_01_0260
1160,248,9-5-1643,hoof001hwva04_01_0261
1162,248,10-6-1643,hoof001hwva04_01_0263
1163,225,11-6-1643,hoof001hwva04_01_0264
1164,106,18-6-1643,hoof001hwva04_01_0265
1166,208,19-7-1643,hoof001hwva04_01_0267
1167,153,19-7-1643,hoof001hwva04_01_0268
1168,248,24-7-1643,hoof001hwva04_01_0269
1169,225,5-8-1643,hoof001hwva04_01_0270
1170,208,6-8-1643,hoof001hwva04_01_0271
1171,1,7-8-1643,hoof001hwva04_01_0272
1173,1,17-8-1643,hoof001hwva04_01_0274
1175,208,19-8-1643,hoof001hwva04_01_0276
1176,208,31-8-1643,hoof001hwva04_01_0277
1179,1,3-9-1643,hoof001hwva04_01_0280
1180,1,7-9-1643,hoof001hwva04_01_0281
1181,64,7-9-1643,hoof001hwva04_01_0282
1182,208,8-9-1643,hoof001hwva04_01_0283
1183,208,2-10-1643,hoof001hwva04_01_0284
1184,225,2-10-1643,hoof001hwva04_01_0285
1185,264,9-10-1643,hoof001hwva04_01_0286
1186,264,3-11-1643,hoof001hwva04_01_0287
1187,248,11-11-1643,hoof001hwva04_01_0288
1188,265,13-11-1643,hoof001hwva04_01_0289
1189,266,13-11-1643,hoof001hwva04_01_0290
1190,267,23-11-1643,hoof001hwva04_01_0291
1191,248,30-11-1643,hoof001hwva04_01_0292
1192,265,27-12-1643,hoof001hwva04_01_0293
1193,248,27-12-1643,hoof001hwva04_01_0294
1194,208,7-1-1644,hoof001hwva04_01_0295
1195,265,21-1-1644,hoof001hwva04_01_0296
1197,248,21-2-1644,hoof001hwva04_01_0298
1198,268,3-3-1644,hoof001hwva04_01_0299
1199,1,6-3-1644,hoof001hwva04_01_0300
1200,225,15-3-1644,hoof001hwva04_01_0301
1201,89,30-3-1644,hoof001hwva04_01_0302
1202,269,2-4-1644,hoof001hwva04_01_0303
1203,1,12-4-1644,hoof001hwva04_01_0304
1204,1,21-4-1644,hoof001hwva04_01_0305
1205,64,25-4-1644,hoof001hwva04_01_0306
1206,254,25-4-1644,hoof001hwva04_01_0307
1207,78,27-4-1644,hoof001hwva04_01_0308
1208,208,11-5-1644,hoof001hwva04_01_0309
1209,208,13-5-1644,hoof001hwva04_01_0310
1210,64,13-5-1644,hoof001hwva04_01_0311
1211,1,27-5-1644,hoof001hwva04_01_0312
1212,213,24-6-1644,hoof001hwva04_01_0313
1215,270,19-7-1644,hoof001hwva04_01_0316
1218,1,25-7-1644,hoof001hwva04_01_0319
1220,106,12-8-1644,hoof001hwva04_01_0321
1221,208,12-8-1644,hoof001hwva04_01_0322
1222,1,19-8-1644,hoof001hwva04_01_0323
1223,64,30-8-1644,hoof001hwva04_01_0324
1228,257,13-10-1644,hoof001hwva04_01_0329
1229,213,29-10-1644,hoof001hwva04_01_0330
1231,64,24-11-1644,hoof001hwva04_01_0332
1232,213,14-12-1644,hoof001hwva04_01_0333
1233,1,3-1-1645,hoof001hwva04_01_0334
1234,208,7-1-1645,hoof001hwva04_01_0335
1235,1,7-1-1645,hoof001hwva04_01_0336
1236,208,9-1-1645,hoof001hwva04_01_0337
1237,1,10-1-1645,hoof001hwva04_01_0338
1239,64,13-1-1645,hoof001hwva04_01_0340
1240,1,17-1-1645,hoof001hwva04_01_0341
1244,208,6-2-1645,hoof001hwva04_01_0345
1246,208,20-2-1645,hoof001hwva04_01_0347
1247,64,20-2-1645,hoof001hwva04_01_0348
1248,208,27-2-1645,hoof001hwva04_01_0349
1249,1,6-3-1645,hoof001hwva04_01_0350
1250,256,7-3-1645,hoof001hwva04_01_0351
1253,248,1-3-1645,hoof001hwva04_01_0354
1254,276,1-3-1645,hoof001hwva04_01_0355
1255,208,1-4-1645,hoof001hwva04_01_0356
1257,208,4-4-1645,hoof001hwva04_01_0358
1258,78,6-4-1645,hoof001hwva04_01_0359
1260,258,12-4-1645,hoof001hwva04_01_0361
1261,208,13-4-1645,hoof001hwva04_01_0362
1262,208,17-4-1645,hoof001hwva04_01_0363
1263,277,18-4-1645,hoof001hwva04_01_0364
1264,258,18-4-1645,hoof001hwva04_01_0365
1265,106,20-4-1645,hoof001hwva04_01_0366
*1266,1,1-4-1645,hoof001hwva04_01_0367
1267,1,5-5-1645,hoof001hwva04_01_0368
1269,1,16-5-1645,hoof001hwva04_01_0370
1270,278,25-5-1645,hoof001hwva04_01_0371
1271,248,13-6-1645,hoof001hwva04_01_0372
1272,24,19-6-1645,hoof001hwva04_01_0373
1273,279,21-6-1645,hoof001hwva04_01_0374
1274,254,21-6-1645,hoof001hwva04_01_0375
1276,208,9-7-1645,hoof001hwva04_01_0377
1278,208,12-8-1645,hoof001hwva04_01_0379
1279,106,12-8-1645,hoof001hwva04_01_0380
1280,169,18-8-1645,hoof001hwva04_01_0381
1281,208,25-8-1645,hoof001hwva04_01_0382
1282,1,25-8-1645,hoof001hwva04_01_0383
1283,24,27-8-1645,hoof001hwva04_01_0384
1284,281,16-9-1645,hoof001hwva04_01_0385
1285,280,21-9-1645,hoof001hwva04_01_0386
1286,1,6-10-1645,hoof001hwva04_01_0387
1287,282,29-10-1645,hoof001hwva04_01_0388
1290,225,29-11-1645,hoof001hwva04_01_0391
1291,1,14-2-1646,hoof001hwva04_01_0392
1292,1,1-3-1646,hoof001hwva04_01_0393
1293,1,15-4-1646,hoof001hwva04_01_0394
1295,1,7-5-1646,hoof001hwva04_01_0396
1297,24,19-6-1646,hoof001hwva04_01_0398
1298,1,25-6-1646,hoof001hwva04_01_0399
1299,1,8-7-1646,hoof001hwva04_01_0400
1300,1,8-7-1646,hoof001hwva04_01_0401
1301,1,20-7-1646,hoof001hwva04_01_0402
1302,1,22-7-1646,hoof001hwva04_01_0403
1303,277,24-7-1646,hoof001hwva04_01_0404
1304,1,24-7-1646,hoof001hwva04_01_0405
1305,173,27-7-1646,hoof001hwva04_01_0406
1306,1,2-8-1646,hoof001hwva04_01_0407
1307,287,8-8-1646,hoof001hwva04_01_0408
1308,1,9-8-1646,hoof001hwva04_01_0409
1309,24,10-8-1646,hoof001hwva04_01_0410
1310,1,14-8-1646,hoof001hwva04_01_0411
1312,1,22-8-1646,hoof001hwva04_01_0413
1313,106,1-9-1646,hoof001hwva04_01_0414
1315,106,13-9-1646,hoof001hwva04_01_0416
1316,135,18-9-1646,hoof001hwva04_01_0417
1317,289,23-9-1646,hoof001hwva04_01_0418
1318,259,23-10-1646,hoof001hwva04_01_0419
1319,259,27-10-1646,hoof001hwva04_01_0420
1320,258,30-10-1646,hoof001hwva04_01_0421
1321,1,31-10-1646,hoof001hwva04_01_0422
1322,1,13-11-1646,hoof001hwva04_01_0423
1323,1,23-11-1646,hoof001hwva04_01_0424
1324,255,21-12-1646,hoof001hwva04_01_0425
1325,135,2-2-1647,hoof001hwva04_01_0426
1327,280,12-3-1647,hoof001hwva04_01_0428
1329,169,17-3-1647,hoof001hwva04_01_0430
1331,1,12-4-1647,hoof001hwva04_01_0432
*1332,1,1-5-1647,hoof001hwva04_01_0433
1333,135,23-5-1647,hoof001hwva04_01_0434
1334,294,24-5-1647,hoof001hwva04_01_0435
1336,295,22-9-1647,hoof001hwva04_01_0437
